frame,zone,player id,x,y,birdX,birdY,time,objtype,team,possession
14,0,8,2490,1328,382.891784667969,339.666931152344,0.583916666666666,1,0,0
14,3,12,1076,1262,176.805114746094,311.556030273438,0.583916666666666,1,1,0
14,3,13,1291,1222,204.744338989258,293.600616455078,0.583916666666666,1,2,0
14,3,14,1485,1033,218.284408569336,179.966827392578,0.583916666666666,1,2,0
14,4,16,962,1058,121.850479125977,198.640380859375,0.583916666666666,1,2,0
14,4,17,751,1126,100.415252685547,242.616317749023,0.583916666666666,1,2,1
14,0,25,745,922,32.0983505249023,81.0568695068359,0.583916666666666,37,-1,-1
15,0,8,2484,1333,381.610015869141,341.558288574219,0.625625,1,0,0
15,3,12,1084,1253,176.8349609375,307.627532958984,0.625625,1,1,0
15,3,13,1300,1216,205.528732299805,290.746276855469,0.625625,1,2,0
15,3,14,1482,1030,217.352615356445,177.667663574219,0.625625,1,2,0
15,4,17,753,1128,101.245803833008,243.794906616211,0.625625,1,2,1
15,0,25,763,919,34.9083557128906,77.810661315918,0.625625,37,-1,-1
16,0,8,2469,1334,379.407409667969,341.919982910156,0.667333333333333,1,0,0
16,3,12,1082,1252,176.406188964844,307.184112548828,0.667333333333333,1,1,0
16,3,13,1310,1218,207.293579101563,291.710144042969,0.667333333333333,1,2,0
16,3,14,1486,1035,218.704223632813,181.489517211914,0.667333333333333,1,2,0
16,4,15,1188,1117,174.407852172852,237.261993408203,0.667333333333333,1,1,0
16,4,16,958,1062,122.051620483398,201.455184936523,0.667333333333333,1,2,0
16,4,17,762,1125,102.060295104981,242.026107788086,0.667333333333333,1,2,0
16,4,18,900,1150,130.994049072266,256.419525146484,0.667333333333333,1,1,0
16,4,21,838,1127,115.584922790527,243.216567993164,0.667333333333333,1,1,0
17,0,8,2467,1335,379.042358398438,342.294311523438,0.709041666666666,1,0,0
17,3,12,1086,1257,177.648178100586,309.387298583984,0.709041666666666,1,1,0
17,3,13,1311,1212,206.842834472656,288.824493408203,0.709041666666666,1,2,0
17,3,14,1483,1039,218.557144165039,184.512451171875,0.709041666666666,1,2,0
17,4,15,1190,1115,174.44856262207,236.044494628906,0.709041666666666,1,1,0
17,4,16,957,1059,121.148979187012,199.348724365234,0.709041666666666,1,2,0
17,4,17,753,1133,102.453666687012,246.71533203125,0.709041666666666,1,2,0
17,4,18,896,1146,129.514236450195,254.176788330078,0.709041666666666,1,1,0
17,4,19,1042,1107,146.960006713867,231.115142822266,0.709041666666666,1,2,0
17,4,20,1131,1035,149.089218139648,181.733474731445,0.709041666666666,1,1,0
17,4,21,828,1134,115.449089050293,247.307495117188,0.709041666666666,1,1,0
17,0,28,572,1176,83.0545501708984,270.341827392578,0.709041666666666,1,0,0
18,0,8,2467,1335,379.042358398438,342.294311523438,0.750749999999999,1,0,0
18,3,12,1086,1257,177.648178100586,309.387298583984,0.750749999999999,1,1,0
18,3,13,1311,1212,206.842834472656,288.824493408203,0.750749999999999,1,2,0
18,3,14,1483,1039,218.557144165039,184.512451171875,0.750749999999999,1,2,0
18,4,15,1190,1115,174.44856262207,236.044494628906,0.750749999999999,1,1,0
18,4,16,957,1059,121.148979187012,199.348724365234,0.750749999999999,1,2,0
18,4,17,753,1133,102.453666687012,246.71533203125,0.750749999999999,1,2,0
18,4,18,896,1146,129.514236450195,254.176788330078,0.750749999999999,1,1,0
18,4,19,1042,1107,146.960006713867,231.115142822266,0.750749999999999,1,2,0
18,4,20,1131,1035,149.089218139648,181.733474731445,0.750749999999999,1,1,0
18,4,21,828,1134,115.449089050293,247.307495117188,0.750749999999999,1,1,0
18,0,28,572,1176,83.0545501708984,270.341827392578,0.750749999999999,1,0,0
19,3,12,1083,1248,176.033874511719,305.407562255859,0.792458333333333,1,1,0
19,3,13,1330,1207,209.332138061523,286.400024414063,0.792458333333333,1,2,0
19,3,14,1479,1033,217.099014282227,179.971099853516,0.792458333333333,1,2,0
19,4,16,963,1059,122.277000427246,199.346115112305,0.792458333333333,1,2,0
19,4,17,751,1141,104.018531799316,251.313247680664,0.792458333333333,1,2,0
19,0,25,824,908,44.2978706359863,65.6197052001953,0.792458333333333,37,-1,-1
20,3,12,1083,1248,176.033874511719,305.407562255859,0.834028,1,1,0
20,3,13,1330,1207,209.332138061523,286.400024414063,0.834028,1,2,0
20,3,14,1479,1033,217.099014282227,179.971099853516,0.834028,1,2,0
20,4,15,1202,1109,175.63493347168,232.354202270508,0.834028,1,1,0
20,4,16,962,1061,122.564041137695,200.753143310547,0.834028,1,2,0
20,4,17,753,1151,106.681083679199,256.9365234375,0.834028,1,2,0
20,4,18,902,1142,129.708541870117,251.914474487305,0.834028,1,1,0
20,4,19,1030,1102,143.85791015625,227.986724853516,0.834028,1,2,0
20,4,20,1130,1030,147.842056274414,177.929321289063,0.834028,1,1,0
20,4,21,816,1134,113.406684875488,247.305511474609,0.834028,1,1,0
20,0,25,840,908,48.0585784912109,65.576416015625,0.834028,37,-1,-1
21,0,8,1456,1331,237.627975463867,339.758422851563,0.875829,1,0,0
21,3,12,1086,1250,176.745101928711,306.300384521484,0.875829,1,1,0
21,3,13,1353,1205,212.775543212891,285.430908203125,0.875829,1,2,0
21,3,14,1481,1033,217.494125366211,179.969680786133,0.875829,1,2,0
21,4,15,1204,1106,175.523651123047,230.487426757813,0.875829,1,1,0
21,4,17,749,1163,108.742134094238,263.505737304688,0.875829,1,2,0
21,4,18,903,1140,129.467849731445,250.774459838867,0.875829,1,1,0
21,0,25,853,908,51.1155853271484,65.5412216186523,0.875829,37,-1,-1
22,0,8,2448,1331,376.685516357422,340.764709472656,0.917583333333333,1,0,0
22,3,12,1087,1249,176.765029907227,305.856323242188,0.917583333333333,1,1,0
22,3,13,1355,1206,213.187835693359,285.923736572266,0.917583333333333,1,2,0
22,3,14,1476,1034,216.62043762207,180.735916137695,0.917583333333333,1,2,0
22,4,15,1209,1098,175.162734985352,225.437850952148,0.917583333333333,1,1,0
22,4,17,748,1165,109.025329589844,264.582214355469,0.917583333333333,1,2,0
22,4,18,899,1145,129.815002441406,253.613662719727,0.917583333333333,1,1,0
22,4,20,1114,1032,145.129501342773,179.469223022461,0.917583333333333,1,1,0
22,0,25,971,914,81.1445236206055,71.8642044067383,0.917583333333333,37,-1,-1
23,0,8,2448,1333,376.524536132813,341.521209716797,0.959291666666666,1,0,0
23,3,12,1086,1244,175.960052490234,303.616943359375,0.959291666666666,1,1,0
23,3,13,1372,1199,215.227661132813,282.467010498047,0.959291666666666,1,2,0
23,4,15,1214,1098,176.061340332031,225.437377929688,0.959291666666666,1,1,0
23,4,17,745,1165,108.534164428711,264.581146240234,0.959291666666666,1,2,0
23,4,20,1111,1036,145.400619506836,182.50146484375,0.959291666666666,1,1,0
23,0,25,885,917,62.2655868530273,75.3514633178711,0.959291666666666,37,-1,-1
24,3,12,1099,1239,177.27033996582,301.362976074219,1.001,1,1,0
24,3,13,1377,1192,215.37043762207,278.946868896484,1.001,1,2,0
24,4,15,1212,1106,176.94660949707,230.487182617188,1.001,1,1,0
24,4,17,748,1164,108.801940917969,264.04443359375,1.001,1,2,0
24,4,18,900,1140,128.960037231445,250.773834228516,1.001,1,1,0
24,4,19,1006,1098,138.772537231445,225.456802368164,1.001,1,2,0
24,4,20,1102,1038,144.078338623047,184.00959777832,1.001,1,1,0
24,4,21,819,1133,113.691146850586,246.725814819336,1.001,1,1,0
25,3,12,1108,1241,178.894592285156,302.277740478516,1.04270833333333,1,1,0
25,3,13,1399,1187,218.456848144531,276.405822753906,1.04270833333333,1,2,0
25,4,15,1213,1101,176.350708007813,227.343353271484,1.04270833333333,1,1,0
25,4,18,897,1142,128.8642578125,251.913375854492,1.04270833333333,1,1,0
25,4,20,1101,1036,143.452926635742,182.508193969727,1.04270833333333,1,1,0
26,3,12,1108,1236,178.246307373047,299.999237060547,1.08441666666666,1,1,0
26,3,13,1399,1183,218.089813232422,274.342620849609,1.08441666666666,1,2,0
26,3,14,1473,1040,216.711288452148,185.268692016602,1.08441666666666,1,2,0
26,4,15,1217,1099,176.756393432617,226.074066162109,1.08441666666666,1,1,0
26,4,16,964,1048,119.810836791992,191.470016479492,1.08441666666666,1,2,1
26,4,17,750,1162,108.682182312012,262.965728759766,1.08441666666666,1,2,0
26,4,18,897,1138,128.038192749023,249.627456665039,1.08441666666666,1,1,0
26,4,19,896,1139,128.076019287109,250.20085144043,1.08441666666666,1,2,0
26,4,20,1098,1033,142.214874267578,180.241287231445,1.08441666666666,1,1,0
26,4,21,816,1129,112.26749420166,244.390228271484,1.08441666666666,1,1,0
26,0,25,926,939,79.846076965332,98.2376556396484,1.08441666666666,37,-1,-1
28,4,16,967,1048,120.383415222168,191.468383789063,1.16783333333333,1,2,1
28,0,25,932,940,81.5410919189453,99.231201171875,1.16783333333333,37,-1,-1
30,3,13,1434,1181,223.613464355469,273.3193359375,1.251042,1,2,0
30,3,14,1472,1038,216.288909912109,183.767669677734,1.251042,1,2,0
30,4,15,1229,1101,179.215805053711,227.342224121094,1.251042,1,1,0
30,4,16,954,1042,116.404693603516,187.07829284668,1.251042,1,2,1
30,4,17,755,1164,109.949462890625,264.046875,1.251042,1,2,0
30,4,18,887,1143,127.383277893066,252.479125976563,1.251042,1,1,0
30,4,19,961,1093,129.648361206055,222.261383056641,1.251042,1,2,0
30,0,25,920,930,75.2538299560547,89.0486526489258,1.251042,37,-1,-1
32,4,16,947,1049,116.816146850586,192.204940795898,1.33466666666666,1,2,1
32,4,25,924,919,72.0757598876953,77.4137115478516,1.33466666666666,37,-1,-1
34,4,17,750,1178,112.204345703125,271.459442138672,1.41808333333333,1,2,0
34,4,18,883,1147,127.536262512207,254.73600769043,1.41808333333333,1,1,0
34,4,19,931,1088,123.126274108887,219.025039672852,1.41808333333333,1,2,0
34,4,20,1054,1046,136.563568115234,189.961441040039,1.41808333333333,1,1,0
34,4,21,819,1133,113.691146850586,246.725814819336,1.41808333333333,1,1,0
36,0,8,2363,1337,364.25927734375,342.936828613281,1.50149999999999,1,0,0
36,3,12,1133,1221,180.128982543945,293.026580810547,1.50149999999999,1,1,0
36,3,13,1475,1162,228.787979125977,263.211364746094,1.50149999999999,1,2,0
36,3,14,1478,1045,218.24250793457,188.98323059082,1.50149999999999,1,2,0
36,4,15,1252,1097,182.746109008789,224.794906616211,1.50149999999999,1,1,0
36,4,16,957,1058,120.909210205078,198.642593383789,1.50149999999999,1,2,1
36,0,25,896,861,40.5824356079102,8.32751274108887,1.50149999999999,37,-1,-1
38,4,12,1142,1215,180.744186401367,290.169860839844,1.58491666666666,1,1,0
38,3,13,1487,1162,230.792556762695,263.215454101563,1.58491666666666,1,2,0
38,4,17,746,1176,111.124748229981,270.413513183594,1.58491666666666,1,2,0
38,4,18,880,1152,128.05891418457,257.526702880859,1.58491666666666,1,1,0
38,4,20,1031,1049,132.836181640625,192.160140991211,1.58491666666666,1,1,0
38,0,25,874,834,21.0733661651611,-29.1355972290039,1.58491666666666,37,-1,-1
41,0,8,2359,1333,363.967041015625,341.4296875,1.626625,1,0,0
41,4,12,1150,1214,181.862457275391,289.69384765625,1.626625,1,1,0
41,4,16,940,1062,118.682136535645,201.462478637695,1.71004166666666,1,2,0
41,4,17,760,1176,113.387962341309,270.419311523438,1.75175,1,2,0
41,0,25,848,808,-1.11926901340485,-69.1083908081055,1.75175,37,-1,-1
44,4,12,1155,1211,182.255813598633,288.247680664063,1.83516666666666,1,1,0
44,3,13,1537,1150,238.306854248047,256.590637207031,1.83516666666666,1,2,0
44,3,14,1489,1036,219.405136108398,182.245941162109,1.83516666666666,1,2,0
44,4,15,1265,1087,183.616012573242,218.310791015625,1.83516666666666,1,1,0
44,4,16,945,1064,120.097663879395,202.855285644531,1.83516666666666,1,2,0
44,4,17,767,1178,114.946517944336,271.466644287109,1.83516666666666,1,2,0
44,4,18,871,1151,126.352203369141,256.968658447266,1.83516666666666,1,1,0
44,4,19,887,1100,117.986602783203,226.734970092773,1.83516666666666,1,2,0
44,4,20,1015,1052,130.472152709961,194.335845947266,1.83516666666666,1,1,0
44,4,21,813,1120,109.661476135254,239.050186157227,1.83516666666666,1,1,0
44,0,25,844,797,-9.21253395080566,-87.376594543457,1.83516666666666,37,-1,-1
47,0,25,854,806,-0.652796506881714,-72.4082336425781,1.96029166666666,37,-1,-1
50,0,25,863,820,10.2390508651733,-50.1589736938477,2.08541666666666,37,-1,-1
53,0,8,2315,1331,357.889617919922,340.628692626953,2.21054166666666,1,0,0
53,4,12,1172,1193,182.594024658203,279.350067138672,2.21054166666666,1,1,0
53,3,13,1594,1137,247.199142456055,249.182754516602,2.21054166666666,1,2,0
53,3,14,1518,1039,225.417114257813,184.489822387695,2.21054166666666,1,2,0
53,4,15,1263,1084,182.800247192383,216.332901000977,2.21054166666666,1,1,0
53,4,18,861,1154,125.305572509766,258.628295898438,2.21054166666666,1,1,0
53,0,25,866,823,12.7881383895874,-45.5586242675781,2.21054166666666,37,-1,-1
56,4,16,966,1065,124.252502441406,203.541976928711,2.33566666666666,1,2,0
56,4,17,815,1185,124.110229492188,275.106109619141,2.33566666666666,1,2,0
56,4,18,865,1154,125.970779418945,258.629455566406,2.33566666666666,1,1,0
56,4,19,880,1090,114.389053344727,220.334274291992,2.33566666666666,1,2,0
56,4,20,1000,1056,128.54850769043,197.204635620117,2.33566666666666,1,1,0
59,4,12,1180,1188,183.218002319336,276.813415527344,2.46079166666666,1,1,0
59,4,15,1262,1089,183.36735534668,219.621490478516,2.46079166666666,1,1,0
59,4,16,984,1061,126.690361022949,200.744018554688,2.46079166666666,1,2,0
59,4,17,826,1180,124.874160766602,272.531860351563,2.46079166666666,1,2,0
59,4,19,884,1089,114.871803283691,219.684265136719,2.46079166666666,1,2,0
59,0,25,858,831,15.1128263473511,-33.4756965637207,2.46079166666666,37,-1,-1
62,0,8,2307,1335,356.519653320313,342.129058837891,2.58591666666666,1,0,0
62,4,13,1653,1117,256.390197753906,237.285339355469,2.58591666666666,1,2,0
62,4,14,1541,1034,229.453262329102,180.690277099609,2.58591666666666,1,2,0
62,0,25,855,823,9.7674446105957,-45.5006408691406,2.58591666666666,37,-1,-1
65,0,8,2311,1327,357.570190429688,339.103851318359,2.71104166666666,1,0,0
65,4,12,1207,1174,185.757843017578,269.550750732422,2.71104166666666,1,1,0
65,3,13,1675,1114,260.151733398438,235.447128295898,2.71104166666666,1,2,0
65,3,14,1553,1033,231.732330322266,179.918304443359,2.71104166666666,1,2,0
65,4,15,1265,1084,183.166763305664,216.332489013672,2.71104166666666,1,1,0
65,4,16,995,1070,130.786560058594,206.978317260742,2.71104166666666,1,2,0
65,4,17,854,1196,132.461502075195,280.695953369141,2.71104166666666,1,2,0
65,4,21,819,1111,108.571762084961,233.588394165039,2.71104166666666,1,1,0
65,0,25,847,829,11.0112991333008,-36.3946571350098,2.71104166666666,37,-1,-1
68,4,12,1210,1164,184.927139282227,264.205749511719,2.83616666666666,1,1,0
68,4,15,1262,1080,182.009506225586,213.6708984375,2.83616666666666,1,1,0
68,4,17,867,1194,134.14697265625,279.699951171875,2.83616666666666,1,2,0
68,4,19,891,1083,114.704750061035,215.750549316406,2.83616666666666,1,2,0
68,0,25,842,836,13.5845232009888,-26.0651226043701,2.83616666666666,37,-1,-1
71,0,8,2309,1333,356.921539306641,341.378356933594,2.96129166666666,1,0,0
71,4,13,1712,1106,266.432647705078,230.47135925293,2.96129166666666,1,2,0
71,4,14,1573,1033,235.692291259766,179.904022216797,2.96129166666666,1,2,0
71,3,20,995,1045,125.016052246094,189.262481689453,2.96129166666666,1,1,0
71,0,25,852,848,22.6922454833984,-9.08534336090088,2.96129166666666,37,-1,-1
74,4,12,1211,1157,184.149948120117,260.386932373047,3.08641666666666,1,1,0
74,3,13,1735,1105,270.541351318359,229.841094970703,3.08641666666666,1,2,0
74,3,14,1582,1033,237.474960327148,179.897583007813,3.08641666666666,1,2,0
74,4,15,1260,1085,182.401840209961,216.994659423828,3.08641666666666,1,1,0
74,4,16,1024,1071,136.381378173828,207.652893066406,3.08641666666666,1,2,0
77,4,12,1205,1155,182.873168945313,259.282104492188,3.21154166666666,1,1,0
77,3,13,1755,1102,274.062042236328,227.941421508789,3.21154166666666,1,2,0
77,3,14,1599,1029,240.522735595703,176.80729675293,3.21154166666666,1,2,0
77,4,15,1266,1085,183.499923706055,216.993469238281,3.21154166666666,1,1,0
77,4,16,1040,1075,140.188018798828,210.36669921875,3.21154166666666,1,2,0
77,4,17,911,1206,143.255264282227,285.672637939453,3.21154166666666,1,2,0
77,4,18,859,1165,127.221641540527,264.621429443359,3.21154166666666,1,1,0
77,4,19,885,1088,114.814041137695,219.033020019531,3.21154166666666,1,2,0
77,4,20,988,1042,122.948524475098,187.057693481445,3.21154166666666,1,1,0
77,4,21,840,1117,113.646675109863,237.244689941406,3.21154166666666,1,1,0
80,0,25,866,928,62.2166137695313,87.0898742675781,3.33666666666666,37,-1,-1
83,3,13,1790,1100,280.363708496094,226.664474487305,3.46179166666666,1,2,0
83,3,14,1618,1025,244.008239746094,173.678298950195,3.46179166666666,1,2,0
83,4,15,1274,1085,184.964294433594,216.991851806641,3.46179166666666,1,1,0
86,4,17,951,1215,151.017929077148,290.054321289063,3.58691666666666,1,2,0
86,4,20,986,1041,122.319847106934,186.318542480469,3.58691666666666,1,1,0
89,0,8,2337,1330,361.060241699219,340.272064208984,3.71204166666666,1,0,0
89,4,18,877,1165,130.176666259766,264.627807617188,3.71204166666666,1,1,0
89,4,21,898,1117,123.738578796387,237.24755859375,3.71204166666666,1,1,0
92,4,12,1154,1144,172.691619873047,253.107208251953,3.83716666666666,1,1,0
92,4,13,1846,1094,290.503601074219,222.792907714844,3.83716666666666,1,2,0
92,3,14,1664,1031,253.613845825195,178.302764892578,3.83716666666666,1,2,0
92,3,15,1317,1074,191.306045532227,209.607696533203,3.83716666666666,1,1,0
92,3,16,1175,1083,166.51936340332,215.689117431641,3.83716666666666,1,2,0
92,3,17,1022,1219,162.657440185547,292.007659912109,3.83716666666666,1,2,0
95,0,8,2374,1330,366.291900634766,340.309783935547,3.96229166666666,1,0,0
95,4,21,937,1123,131.782791137695,240.85481262207,3.96229166666666,1,1,0
95,4,25,881,1003,91.1949615478516,156.67561340332,3.96229166666666,37,-1,-1
95,0,28,563,1177,81.857177734375,270.859893798828,3.96229166666666,1,0,0
100,4,12,1103,1146,164.379287719727,254.227035522461,4.17083333333333,1,1,0
100,3,13,1905,1096,301.326202392578,224.082153320313,4.17083333333333,1,2,0
100,3,14,1705,1030,261.7314453125,177.500610351563,4.17083333333333,1,2,0
100,4,15,1359,1074,199.119979858398,209.595199584961,4.17083333333333,1,1,0
100,4,16,1279,1090,186.607788085938,220.271286010742,4.17083333333333,1,2,0
100,4,17,1119,1222,178.093688964844,293.490936279297,4.17083333333333,1,2,0
100,4,18,901,1178,136.597366333008,271.523498535156,4.17083333333333,1,1,0
100,4,19,993,1074,131.305160522461,209.703536987305,4.17083333333333,1,2,0
100,4,20,973,1034,118.064956665039,181.086395263672,4.17083333333333,1,1,0
100,4,21,963,1126,136.883255004883,242.640121459961,4.17083333333333,1,1,0
100,0,25,873,966,77.616081237793,124.378479003906,4.17083333333333,37,-1,-1
105,4,12,1077,1142,159.319976806641,251.952575683594,4.379375,1,1,0
105,1,13,1941,1094,307.957061767578,222.780776977539,4.379375,1,2,0
105,3,14,1729,1032,266.610046386719,179.024597167969,4.379375,1,2,0
105,4,15,1408,1073,208.127655029297,208.898483276367,4.379375,1,1,0
105,4,16,1343,1088,197.998580932617,218.953079223633,4.379375,1,2,0
105,4,17,1192,1224,189.632507324219,294.481353759766,4.379375,1,2,0
105,4,18,908,1187,139.390747070313,276.173156738281,4.379375,1,1,0
105,4,20,971,1047,120.903442382813,190.738250732422,4.379375,1,1,0
105,0,25,869,957,73.6267547607422,115.955497741699,4.379375,37,-1,-1
110,1,13,1981,1092,315.367309570313,221.470764160156,4.58791666666666,1,2,0
110,3,14,1758,1033,272.422943115234,179.771499633789,4.58791666666666,1,2,0
110,4,16,1409,1095,210.857040405273,223.493576049805,4.58791666666666,1,2,0
110,3,17,1282,1214,202.503448486328,289.7734375,4.58791666666666,1,2,0
110,4,18,919,1186,140.972015380859,275.666778564453,4.58791666666666,1,1,0
110,4,19,1095,1065,148.353698730469,203.493301391602,4.58791666666666,1,2,0
110,4,20,943,1050,116.303565979004,192.930725097656,4.58791666666666,1,1,0
110,0,25,869,985,83.0898208618164,141.425445556641,4.58791666666666,37,-1,-1
115,4,12,1014,1142,148.646072387695,251.938842773438,4.79645833333333,1,1,0
115,1,13,2013,1094,321.21240234375,222.771545410156,4.79645833333333,1,2,0
115,3,14,1785,1037,277.906646728516,182.803665161133,4.79645833333333,1,2,0
115,3,15,1480,1061,220.342071533203,200.537017822266,4.79645833333333,1,1,0
115,3,16,1477,1102,223.862777709961,227.958877563477,4.79645833333333,1,2,0
115,3,17,1362,1208,214.483413696289,286.907897949219,4.79645833333333,1,2,0
115,4,18,940,1186,144.340942382813,275.676574707031,4.79645833333333,1,1,0
115,4,19,1144,1068,158.093185424805,205.552871704102,4.79645833333333,1,2,0
115,4,20,915,1057,112.756233215332,197.953552246094,4.79645833333333,1,1,0
115,4,21,1094,1130,160.192489624023,245.014984130859,4.79645833333333,1,1,0
115,4,25,876,1045,102.228218078613,189.330749511719,4.79645833333333,37,-1,-1
125,0,8,2535,1333,388.820404052734,341.610809326172,5.21354166666666,1,0,0
125,4,20,866,1062,104.846138000488,201.492385864258,5.21354166666666,1,1,1
125,0,25,841,999,81.8163223266602,153.398239135742,5.21354166666666,37,-1,-1
140,4,12,847,1166,125.456108093262,265.154235839844,5.83916666666666,1,1,0
140,1,13,2224,1109,358.961059570313,232.345108032227,5.83916666666666,1,2,0
140,1,14,1920,1037,304.692230224609,182.712554931641,5.83916666666666,1,2,0
140,3,15,1696,1031,259.987884521484,178.279113769531,5.83916666666666,1,1,0
140,3,16,1847,1109,290.804290771484,232.348480224609,5.83916666666666,1,2,0
140,3,17,1765,1188,277.973785400391,277.095550537109,5.83916666666666,1,2,0
140,4,18,1053,1213,166.584701538086,289.153991699219,5.83916666666666,1,1,0
140,3,19,1461,1083,219.071395874023,215.626800537109,5.83916666666666,1,2,0
140,4,20,775,1073,90.9348068237305,209.09114074707,5.83916666666666,1,1,1
140,4,21,1315,1126,197.837860107422,242.679916381836,5.83916666666666,1,1,0
140,4,25,736,1031,71.1315155029297,178.980163574219,5.83916666666666,37,-1,-1
150,0,20,733,1075,83.7932739257813,210.454177856445,6.25625,1,1,1
150,0,25,713,1004,57.5393104553223,157.675857543945,6.25625,37,-1,-1
165,4,12,771,1199,119.939025878906,282.147308349609,6.88187499999999,1,1,0
165,1,13,2372,1098,387.181518554688,225.327423095703,6.88187499999999,1,2,0
165,1,14,2060,1043,332.268493652344,187.148681640625,6.88187499999999,1,2,0
165,3,15,1874,1000,295.488403320313,153.078475952148,6.88187499999999,1,1,0
165,1,16,2217,1091,359.145843505859,220.779510498047,6.88187499999999,1,2,0
165,1,17,2124,1155,338.343475341797,259.559448242188,6.88187499999999,1,2,0
165,3,18,1215,1213,191.901000976563,289.250762939453,6.88187499999999,1,1,0
165,3,19,1819,1074,285.248260498047,209.457611083984,6.88187499999999,1,2,0
165,0,20,719,1088,84.8961334228516,219.061782836914,6.88187499999999,1,1,1
165,3,21,1573,1119,242.359008789063,238.498245239258,6.88187499999999,1,1,0
165,0,25,745,983,56.5823745727539,139.843612670898,6.88187499999999,37,-1,-1
175,4,12,804,1209,127.078643798828,287.073394775391,7.29895833333333,1,1,1
175,2,13,2405,1093,393.927398681641,222.065948486328,7.29895833333333,1,2,0
175,1,15,1958,987,313.438781738281,141.746337890625,7.29895833333333,1,1,0
180,4,12,827,1213,131.412261962891,289.019561767578,7.50749999999999,1,1,1
180,1,19,2027,1071,324.638763427734,207.325881958008,7.50749999999999,1,2,0
180,4,20,787,1094,98.6923217773438,222.926315307617,7.50749999999999,1,1,0
180,4,25,863,1129,120.319274902344,244.396453857422,7.50749999999999,37,-1,-1
185,0,8,2916,1353,440.010345458984,349.428466796875,7.71604166666666,1,0,0
185,2,16,2478,1070,411.032440185547,206.478424072266,7.71604166666666,1,2,0
185,4,25,936,1141,135.254486083984,251.352233886719,7.71604166666666,37,-1,-1
185,0,32,1027,1330,178.174957275391,338.953277587891,7.71604166666666,1,0,0
200,4,12,1079,1198,168.470764160156,281.812286376953,8.34166666666666,1,1,1
200,2,13,2437,1099,399.0771484375,225.967926025391,8.34166666666666,1,2,0
200,1,14,2270,1043,373.927947998047,187.01969909668,8.34166666666666,1,2,0
200,1,15,2097,978,343.932647705078,133.497787475586,8.34166666666666,1,1,0
200,2,16,2667,1075,446.492980957031,209.891540527344,8.34166666666666,1,2,0
200,2,17,2535,1121,413.831939697266,239.786010742188,8.34166666666666,1,2,0
200,3,18,1633,1229,258.326416015625,297.118225097656,8.34166666666666,1,1,0
200,1,19,2301,1068,377.241577148438,205.141372680664,8.34166666666666,1,2,0
200,4,20,1073,1093,149.810577392578,222.246475219727,8.34166666666666,1,1,0
200,1,21,1986,1129,315.379028320313,244.54736328125,8.34166666666666,1,1,0
200,4,25,1104,1121,160.385604858398,239.672119140625,8.34166666666666,37,-1,-1
210,3,12,1237,1193,193.000518798828,279.382843017578,8.75729774812,1,1,1
210,2,13,2442,1108,398.792633056641,231.713043212891,8.75729774812,1,2,0
210,1,14,2330,1053,384.626037597656,194.394409179688,8.75729774812,1,2,0
210,1,15,2136,978,352.445129394531,133.440704345703,8.75729774812,1,1,0
210,2,16,2750,1081,461.116241455078,213.98307800293,8.75729774812,1,2,0
210,2,17,2598,1103,428.226196289063,228.529022216797,8.75729774812,1,2,0
210,4,18,1763,1237,278.683013916016,300.917236328125,8.75729774812,1,1,0
210,2,19,2438,1077,402.320892333984,211.333435058594,8.75729774812,1,2,0
210,3,20,1235,1084,177.670913696289,216.338745117188,8.75729774812,1,1,0
210,1,21,2104,1135,335.881286621094,248.109298706055,8.75729774812,1,1,0
210,4,25,1330,1173,205.810165405273,269.071228027344,8.75729774812,37,-1,-1
225,3,12,1488,1178,232.201782226563,271.774536132813,9.382819,1,1,1
225,2,13,2450,1121,398.532989501953,239.779144287109,9.382819,1,2,0
225,2,14,2403,1055,398.694976806641,195.816131591797,9.382819,1,2,0
225,1,15,2194,977,365.229644775391,132.444091796875,9.382819,1,1,0
225,2,16,2796,1068,473.013824462891,204.961547851563,9.382819,1,2,0
225,2,17,2665,1066,447.964752197266,203.596954345703,9.382819,1,2,0
225,1,18,1979,1239,312.028472900391,301.98974609375,9.382819,1,1,0
225,2,19,2604,1071,435.148529052734,207.133926391602,9.382819,1,2,0
225,3,20,1472,1075,220.287322998047,210.242446899414,9.382819,1,1,0
225,1,21,2293,1146,368.078857421875,254.52067565918,9.382819,1,1,0
225,3,25,1518,1080,229.321136474609,213.608367919922,9.382819,37,-1,-1
235,3,12,1628,1168,254.691162109375,266.516357421875,9.80145833333333,1,1,1
235,2,13,2453,1123,398.811126708984,240.996612548828,9.80145833333333,1,2,0
235,2,14,2446,1049,408.073425292969,191.390594482422,9.80145833333333,1,2,0
235,1,15,2226,985,371.311462402344,139.614349365234,9.80145833333333,1,1,0
235,2,16,2796,1064,473.991760253906,202.123779296875,9.80145833333333,1,2,0
235,2,17,2682,1045,455.889404296875,188.271347045898,9.80145833333333,1,2,0
235,1,18,2120,1242,333.727752685547,303.464294433594,9.80145833333333,1,1,0
235,2,19,2710,1080,453.691375732422,213.311782836914,9.80145833333333,1,2,0
235,3,20,1615,1067,246.453720092773,204.691604614258,9.80145833333333,1,1,0
235,1,21,2404,1157,386.149108886719,260.762451171875,9.80145833333333,1,1,0
235,3,25,1672,1098,258.841705322266,225.394256591797,9.80145833333333,37,-1,-1
245,3,12,1785,1157,280.651214599609,260.566345214844,10.2185416666666,1,1,1
245,2,13,2459,1128,399.233001708984,244.013473510742,10.2185416666666,1,2,0
245,2,14,2468,1062,410.351623535156,200.831741333008,10.2185416666666,1,2,0
245,1,15,2266,988,379.596038818359,142.222549438477,10.2185416666666,1,1,0
245,2,16,2801,1063,475.218475341797,201.407333374023,10.2185416666666,1,2,0
245,2,17,2672,1028,457.777221679688,175.191284179688,10.2185416666666,1,2,0
245,1,18,2250,1248,353.461059570313,306.28173828125,10.2185416666666,1,1,0
245,2,19,2809,1086,471.213287353516,217.350799560547,10.2185416666666,1,2,0
245,3,20,1769,1057,275.346588134766,197.562789916992,10.2185416666666,1,1,0
245,2,21,2523,1157,406.603424072266,260.800476074219,10.2185416666666,1,1,0
245,3,25,1831,1087,287.66796875,218.206130981445,10.2185416666666,37,-1,-1
260,1,12,1983,1143,314.537109375,252.727249145508,10.8441666666666,1,1,1
260,2,13,2452,1129,397.857177734375,244.611175537109,10.8441666666666,1,2,0
260,2,14,2469,1062,410.546325683594,200.831329345703,10.8441666666666,1,2,0
260,1,15,2314,988,389.963531494141,142.159255981445,10.8441666666666,1,1,0
260,2,16,2813,1085,472.209594726563,216.677185058594,10.8441666666666,1,2,0
260,2,17,2683,1036,458.15625,181.42155456543,10.8441666666666,1,2,0
260,1,18,2452,1254,384.032257080078,309.126190185547,10.8441666666666,1,1,0
260,2,19,2882,1095,482.840606689453,223.316329956055,10.8441666666666,1,2,0
260,1,20,1958,1048,312.010101318359,190.923080444336,10.8441666666666,1,1,0
260,2,21,2701,1168,435.431884765625,266.925811767578,10.8441666666666,1,1,0
260,1,25,2022,1072,323.651702880859,208.019027709961,10.8441666666666,37,-1,-1
275,1,12,2169,1132,347.467254638672,246.353286743164,11.4697916666666,1,1,1
275,2,13,2466,1137,399.309448242188,249.348770141602,11.4697916666666,1,2,0
275,2,14,2458,1064,408.096618652344,202.259994506836,11.4697916666666,1,2,0
275,1,15,2353,995,397.313323974609,148.234985351563,11.4697916666666,1,1,0
275,2,16,2843,1124,468.8681640625,241.643035888672,11.4697916666666,1,2,0
275,2,17,2695,1044,458.727661132813,187.51106262207,11.4697916666666,1,2,0
275,1,18,2686,1264,418.701019287109,313.725982666016,11.4697916666666,1,1,0
275,2,19,2867,1101,478.568237304688,227.225189208984,11.4697916666666,1,2,0
275,1,20,2186,1050,356.641998291016,192.270660400391,11.4697916666666,1,1,0
275,2,21,2824,1171,455.85498046875,268.602508544922,11.4697916666666,1,1,0
275,1,25,2162,1066,350.715515136719,203.78874206543,11.4697916666666,37,-1,-1
290,1,12,2263,1137,363.618957519531,249.309814453125,12.0954166666666,1,1,1
290,2,13,2471,1134,400.581512451172,247.584945678711,12.0954166666666,1,2,0
290,2,14,2456,1076,405.899688720703,210.642288208008,12.0954166666666,1,2,0
290,1,15,2388,996,404.644714355469,149.05744934082,12.0954166666666,1,1,0
290,2,16,2915,1171,471.373901367188,268.639373779297,12.0954166666666,1,2,0
290,2,17,2687,1047,456.438018798828,189.766723632813,12.0954166666666,1,2,0
290,2,18,2876,1256,449.067535400391,310.352416992188,12.0954166666666,1,1,0
290,2,19,2797,1103,465.081756591797,228.517776489258,12.0954166666666,1,2,0
290,1,20,2319,1043,383.682189941406,186.989501953125,12.0954166666666,1,1,0
290,2,21,2811,1146,458.526245117188,254.651062011719,12.0954166666666,1,1,0
290,1,25,2277,1073,372.112884521484,208.62890625,12.0954166666666,37,-1,-1
300,1,12,2296,1142,368.957153320313,252.222366333008,12.5125,1,1,1
300,1,25,2278,1090,370.595275878906,220.110824584961,12.5125,37,-1,-1
310,1,12,2312,1143,371.655395507813,252.802963256836,12.92743,1,1,1
310,2,13,2497,1153,402.648223876953,258.549713134766,12.92743,1,2,0
310,2,14,2447,1076,404.181793212891,210.644882202148,12.92743,1,2,0
310,1,15,2354,991,398.145538330078,144.748550415039,12.92743,1,1,0
310,2,16,2942,1183,473.419799804688,275.058227539063,12.92743,1,2,0
310,2,17,2565,1038,433.822448730469,183.038879394531,12.92743,1,2,0
310,2,18,2947,1272,457.228851318359,317.413391113281,12.92743,1,1,0
310,2,19,2706,1107,447.413543701172,231.074783325195,12.92743,1,2,0
310,1,20,2381,1034,397.328674316406,180.093292236328,12.92743,1,1,0
310,2,21,2637,1128,431.026306152344,244.03678894043,12.92743,1,1,0
310,1,25,2329,1147,374.233428955078,255.101119995117,12.92743,37,-1,-1
325,1,12,2333,1168,372.947692871094,266.784240722656,13.55295,1,1,1
325,1,18,2787,1268,433.531188964844,315.550415039063,13.55295,1,1,0
325,2,25,2404,1068,397.068908691406,205.104156494141,13.55295,37,-1,-1
335,1,12,2348,1165,375.770294189453,265.1572265625,13.9722916666666,1,1,0
335,2,13,2514,1174,402.845764160156,270.089691162109,13.9722916666666,1,2,0
335,2,14,2448,1079,403.935882568359,212.697219848633,13.9722916666666,1,2,0
335,1,15,2237,1032,368.484954833984,178.651748657227,13.9722916666666,1,1,0
335,2,16,2864,1191,458.756134033203,279.189239501953,13.9722916666666,1,2,0
335,2,17,2537,1041,427.606658935547,185.342422485352,13.9722916666666,1,2,0
335,1,18,2687,1266,418.589263916016,314.598510742188,13.9722916666666,1,1,1
335,2,19,2733,1114,450.978271484375,235.477691650391,13.9722916666666,1,2,0
335,1,20,2377,1032,396.808197021484,178.548080444336,13.9722916666666,1,1,0
335,2,21,2660,1139,433.234832763672,250.557861328125,13.9722916666666,1,1,0
335,2,25,2691,1105,445.037811279297,229.802810668945,13.9722916666666,37,-1,-1
340,2,13,2545,1176,407.80615234375,271.171356201172,14.178482,1,2,0
340,2,16,2835,1190,454.116363525391,278.657836914063,14.178482,1,2,0
340,1,18,2681,1265,417.806976318359,314.158172607422,14.178482,1,1,1
340,2,25,2693,1098,446.783752441406,225.29638671875,14.178482,37,-1,-1
344,1,12,2344,1159,375.664398193359,261.8544921875,14.345287,1,1,0
344,2,14,2453,1084,404.159790039063,216.080444335938,14.345287,1,2,0
344,1,15,2234,1035,367.573150634766,180.967819213867,14.345287,1,1,0
344,2,17,2528,1038,426.353454589844,183.063903808594,14.345287,1,2,0
348,2,19,2762,1129,453.235015869141,244.654022216797,14.51209,1,2,0
348,2,20,2435,1039,407.454467773438,183.889251708984,14.51209,1,1,0
348,2,21,2743,1150,445.847869873047,256.921600341797,14.51209,1,1,0
360,1,12,2366,1145,380.86328125,253.965881347656,15.0149999999999,1,1,0
360,2,13,2618,1191,417.921722412109,279.063385009766,15.0149999999999,1,2,0
360,2,14,2471,1094,406.089752197266,222.712509155273,15.0149999999999,1,2,0
360,1,15,2261,1066,369.755889892578,203.751190185547,15.0149999999999,1,1,0
360,2,16,2802,1200,446.850250244141,283.750305175781,15.0149999999999,1,2,0
360,2,17,2569,1039,434.432830810547,183.800247192383,15.0149999999999,1,2,0
360,1,18,2705,1257,422.555511474609,310.660186767578,15.0149999999999,1,1,0
360,2,19,2773,1130,455.006317138672,245.2548828125,15.0149999999999,1,2,0
360,2,20,2509,1053,419.873718261719,194.302810668945,15.0149999999999,1,1,0
360,2,21,2769,1142,451.924468994141,252.329132080078,15.0149999999999,1,1,0
360,0,25,2572,938,458.430206298828,93.6983489990234,15.0149999999999,37,-1,-1
375,1,12,2378,1136,383.925964355469,248.745697021484,15.6406249999999,1,1,0
375,2,13,2552,1163,410.758544921875,264.134552001953,15.6406249999999,1,2,0
375,2,14,2435,1104,398.040222167969,229.176498413086,15.6406249999999,1,2,0
375,1,15,2256,1041,371.355010986328,185.522277832031,15.6406249999999,1,1,1
375,2,16,2854,1195,456.338531494141,281.238403320313,15.6406249999999,1,2,0
375,2,17,2662,1050,450.783935546875,192.012100219727,15.6406249999999,1,2,0
375,2,18,2796,1241,439.05517578125,303.503814697266,15.6406249999999,1,1,0
375,2,19,2779,1138,454.47802734375,249.99658203125,15.6406249999999,1,2,0
375,2,20,2674,1065,449.927947998047,202.88427734375,15.6406249999999,1,1,0
375,2,21,2740,1140,447.187377929688,251.158584594727,15.6406249999999,1,1,0
375,1,25,2266,943,385.758758544922,99.5097885131836,15.6406249999999,37,-1,-1
390,1,12,2354,1151,378.168762207031,257.379791259766,16.26625,1,1,0
390,2,13,2488,1130,404.130981445313,245.213485717773,16.26625,1,2,0
390,2,14,2415,1084,396.988098144531,216.088623046875,16.26625,1,2,0
390,1,15,2164,1025,354.339202880859,173.233871459961,16.26625,1,1,0
390,2,16,2923,1172,472.527130126953,269.18359375,16.26625,1,2,0
390,2,17,2741,1062,463.692291259766,200.716400146484,16.26625,1,2,0
390,2,18,2880,1216,456.699645996094,291.730926513672,16.26625,1,1,0
390,2,19,2764,1150,449.513549804688,256.927429199219,16.26625,1,2,0
390,2,20,2845,1097,475.410186767578,224.629745483398,16.26625,1,1,0
390,2,21,2682,1123,439.996643066406,241.018493652344,16.26625,1,1,0
390,1,25,2078,960,341.031280517578,116.703681945801,16.26625,37,-1,-1
400,1,12,2363,1176,377.245147705078,271.093292236328,16.6833333333333,1,1,0
400,2,13,2439,1123,396.300598144531,240.99528503418,16.6833333333333,1,2,0
400,2,14,2398,1065,396.322387695313,202.992523193359,16.6833333333333,1,2,0
400,1,15,2041,1016,329.772003173828,166.147262573242,16.6833333333333,1,1,0
400,2,16,2934,1171,474.6181640625,268.647064208984,16.6833333333333,1,2,0
400,2,17,2788,1069,471.215576171875,205.668960571289,16.6833333333333,1,2,0
400,2,18,2921,1216,463.331604003906,291.756927490234,16.6833333333333,1,1,0
400,2,19,2740,1134,448.327789306641,247.631393432617,16.6833333333333,1,2,0
400,2,20,2915,1114,484.303161621094,235.483032226563,16.6833333333333,1,1,0
400,2,21,2683,1107,443.176666259766,231.07536315918,16.6833333333333,1,1,0
400,1,25,2010,904,328.654418945313,57.7458343505859,16.6833333333333,37,-1,-1
405,1,12,2383,1177,380.497283935547,271.633392333984,16.891875,1,1,0
405,1,15,2010,1018,323.323303222656,167.788803100586,16.891875,1,1,1
405,2,18,2956,1227,466.8505859375,297.072784423828,16.891875,1,1,0
405,0,25,1980,934,320.049346923828,90.8366928100586,16.891875,37,-1,-1
410,2,14,2387,1053,395.832061767578,194.365295410156,17.1004166666666,1,2,0
410,2,17,2828,1073,477.9970703125,208.454849243164,17.1004166666666,1,2,0
410,2,19,2725,1122,447.949279785156,240.412796020508,17.1004166666666,1,2,0
410,2,21,2684,1092,446.29296875,221.3681640625,17.1004166666666,1,1,0
415,2,13,2432,1120,395.423522949219,239.166870117188,17.3089583333333,1,2,0
415,2,16,2955,1168,478.866638183594,267.024200439453,17.3089583333333,1,2,0
415,2,20,2987,1113,497.789031982422,234.859024047852,17.3089583333333,1,1,0
425,1,12,2497,1214,395.255096435547,290.516479492188,17.7260416666666,1,1,0
425,2,13,2455,1124,399.039215087891,241.603118896484,17.7260416666666,1,2,0
425,2,14,2401,1048,399.305511474609,190.674667358398,17.7260416666666,1,2,0
425,1,15,2020,1014,325.54052734375,164.544189453125,17.7260416666666,1,1,1
425,2,16,2952,1169,478.131896972656,267.568145751953,17.7260416666666,1,2,0
425,2,17,2869,1073,485.936218261719,208.441802978516,17.7260416666666,1,2,0
425,2,18,3070,1218,487.045440673828,292.825042724609,17.7260416666666,1,1,0
425,2,19,2703,1105,447.254333496094,229.802322387695,17.7260416666666,1,2,0
425,2,20,3011,1078,512.019348144531,211.862319946289,17.7260416666666,1,1,0
425,2,21,2726,1089,454.820861816406,219.372695922852,17.7260416666666,1,1,0
425,1,25,2043,954,333.537567138672,110.943771362305,17.7260416666666,37,-1,-1
435,1,12,2573,1222,406.474609375,294.430633544922,18.1431249999999,1,1,0
435,2,13,2471,1124,401.905883789063,241.604751586914,18.1431249999999,1,2,0
435,2,14,2414,1048,401.882781982422,190.667343139648,18.1431249999999,1,2,0
435,1,15,2076,1014,337.089813232422,164.490798950195,18.1431249999999,1,1,1
435,2,16,2958,1161,480.946990966797,263.172058105469,18.1431249999999,1,2,0
435,2,17,2864,1068,486.266815185547,204.936660766602,18.1431249999999,1,2,0
435,2,18,3123,1212,497.013061523438,289.924041748047,18.1431249999999,1,1,0
435,2,19,2702,1108,446.480773925781,231.708648681641,18.1431249999999,1,2,0
435,2,20,2960,1066,505.594268798828,203.483306884766,18.1431249999999,1,1,0
435,2,21,2747,1090,458.570892333984,220.034103393555,18.1431249999999,1,1,0
435,1,25,2110,962,348.048797607422,118.565368652344,18.1431249999999,37,-1,-1
440,1,12,2610,1224,412.116973876953,295.411071777344,18.3516666666666,1,1,0
440,2,16,2963,1154,483.412567138672,259.253662109375,18.3516666666666,1,2,0
440,2,17,2848,1060,485.227600097656,199.231201171875,18.3516666666666,1,2,0
440,2,18,3135,1197,502.538269042969,282.411437988281,18.3516666666666,1,1,0
445,2,13,2486,1127,404.183227539063,243.416625976563,18.5602083333333,1,2,0
445,2,14,2434,1044,406.469085693359,187.670227050781,18.5602083333333,1,2,0
445,1,15,2143,1010,351.253387451172,161.146499633789,18.5602083333333,1,1,1
445,2,19,2727,1102,452.30126953125,227.879409790039,18.5602083333333,1,2,0
450,2,20,2826,1010,494.700622558594,160.451843261719,18.7687499999999,1,1,0
450,2,21,2769,1080,464.974578857422,213.296875,18.7687499999999,1,1,0
450,1,25,2174,952,363.455261230469,108.728851318359,18.7687499999999,37,-1,-1
455,2,12,2641,1210,418.995666503906,288.644348144531,18.9772916666666,1,1,0
455,2,13,2505,1113,409.584991455078,234.848587036133,18.9772916666666,1,2,0
455,2,14,2453,1041,410.746673583984,185.396331787109,18.9772916666666,1,2,0
455,1,15,2227,1011,368.640411376953,161.886611938477,18.9772916666666,1,1,1
455,2,16,2988,1157,487.071594238281,260.950073242188,18.9772916666666,1,2,0
455,2,17,2815,1042,483.410461425781,185.923431396484,18.9772916666666,1,2,0
455,2,18,3151,1175,510.733184814453,270.896545410156,18.9772916666666,1,1,0
455,2,19,2753,1101,457.339538574219,227.233489990234,18.9772916666666,1,2,0
455,2,20,2766,993,486.830963134766,145.979354858398,18.9772916666666,1,1,0
455,2,21,2767,1073,466.200714111328,208.474243164063,18.9772916666666,1,1,0
455,1,25,2209,960,370.47705078125,116.472831726074,18.9772916666666,37,-1,-1
460,2,12,2627,1205,417.423095703125,286.158874511719,19.1858333333333,1,1,0
460,2,13,2516,1117,410.994873046875,237.329360961914,19.1858333333333,1,2,0
460,2,14,2460,1039,412.480346679688,183.872665405273,19.1858333333333,1,2,0
460,2,18,3151,1188,507.427947998047,277.778778076172,19.1858333333333,1,1,0
465,2,16,2994,1157,488.115570068359,260.952026367188,19.394375,1,2,0
465,2,19,2760,1091,460.804748535156,220.695358276367,19.394375,1,2,0
465,2,20,2677,986,469.372222900391,139.893020629883,19.394375,1,1,0
465,1,25,2277,992,381.449310302734,145.720932006836,19.394375,37,-1,-1
470,1,15,2338,1046,387.083068847656,189.223541259766,19.6029166666666,1,1,1
470,2,17,2759,1016,478.869049072266,165.474456787109,19.6029166666666,1,2,0
470,2,21,2742,1075,460.922027587891,209.869155883789,19.6029166666666,1,1,0
475,2,12,2662,1214,421.821624755859,290.618896484375,19.8114583333333,1,1,0
475,2,13,2528,1118,413.017761230469,237.946212768555,19.8114583333333,1,2,0
475,2,14,2492,1049,417.194885253906,191.365097045898,19.8114583333333,1,2,0
475,2,15,2388,1055,395.751434326172,195.823486328125,19.8114583333333,1,1,1
475,2,16,2987,1158,486.663757324219,261.509918212891,19.8114583333333,1,2,0
475,2,17,2729,1019,471.799774169922,167.945678710938,19.8114583333333,1,2,0
475,2,18,3093,1204,493.936981201172,285.929107666016,19.8114583333333,1,1,0
475,2,19,2739,1086,457.923980712891,217.364761352539,19.8114583333333,1,2,0
475,2,20,2625,975,460.785888671875,129.955307006836,19.8114583333333,1,1,0
475,2,21,2752,1064,465.380737304688,202.141586303711,19.8114583333333,1,1,0
475,2,25,2394,1046,398.204437255859,189.190795898438,19.8114583333333,37,-1,-1
480,2,12,2668,1218,422.214050292969,292.566680908203,20.02,1,1,0
480,2,13,2513,1125,409.292510986328,242.214233398438,20.02,1,2,0
480,2,15,2449,1067,405.897796630859,204.384704589844,20.02,1,1,1
480,2,25,2439,1021,411.204345703125,169.817077636719,20.02,37,-1,-1
485,2,16,2958,1155,482.310699462891,259.816253662109,20.2285416666666,1,2,0
485,2,17,2709,1014,468.900207519531,163.881591796875,20.2285416666666,1,2,0
485,2,18,3049,1218,483.644805908203,292.811492919922,20.2285416666666,1,1,0
485,2,19,2768,1093,461.871520996094,222.015701293945,20.2285416666666,1,2,0
490,2,14,2537,1074,421.718627929688,209.239608764648,20.4370833333333,1,2,0
490,2,20,2581,987,448.131378173828,140.916046142578,20.4370833333333,1,1,0
490,2,21,2764,1078,464.472686767578,211.92951965332,20.4370833333333,1,1,0
500,1,12,2646,1240,415.696228027344,302.933319091797,20.8541666666666,1,1,0
500,2,13,2502,1126,407.181365966797,242.81657409668,20.8541666666666,1,2,0
500,2,14,2536,1079,420.681915283203,212.674331665039,20.8541666666666,1,2,0
500,2,15,2686,1113,442.585357666016,234.852493286133,20.8541666666666,1,1,1
500,2,16,2707,1012,468.992828369141,162.233627319336,20.8541666666666,1,2,0
500,2,17,2947,1158,479.716461181641,261.496734619141,20.8541666666666,1,2,0
500,2,18,3008,1221,476.392517089844,294.236022949219,20.8541666666666,1,1,0
500,2,19,2799,1097,466.795654296875,224.634613037109,20.8541666666666,1,2,0
500,2,20,2579,985,448.163818359375,139.131439208984,20.8541666666666,1,1,0
500,2,21,2751,1077,462.203552246094,211.246063232422,20.8541666666666,1,1,0
500,2,25,2645,1026,452.684173583984,173.631103515625,20.8541666666666,37,-1,-1
505,1,12,2628,1236,413.398376464844,301.071014404297,21.0627083333333,1,1,0
505,2,15,2719,1115,448.224670410156,236.099746704102,21.0627083333333,1,1,1
505,2,18,2994,1225,473.329925537109,296.145812988281,21.0627083333333,1,1,0
505,2,19,2812,1103,467.8671875,228.51692199707,21.0627083333333,1,2,0
510,2,13,2507,1122,408.645477294922,240.393539428711,21.27125,1,2,0
510,2,16,2936,1164,476.481719970703,264.823516845703,21.27125,1,2,0
510,2,17,2686,1018,463.079864501953,167.173355102539,21.27125,1,2,0
510,2,20,2563,995,442.402130126953,147.978240966797,21.27125,1,1,0
515,2,14,2518,1082,416.766052246094,214.716949462891,21.4797916666666,1,2,0
515,2,21,2714,1069,456.842834472656,205.695266723633,21.4797916666666,1,1,0
515,2,25,2761,1046,471.502197265625,188.974899291992,21.4797916666666,37,-1,-1
525,1,12,2550,1220,403.047912597656,293.455596923828,21.8968749999999,1,1,0
525,2,13,2477,1114,404.353759765625,235.470230102539,21.8968749999999,1,2,0
525,2,14,2508,1085,414.393951416016,216.740524291992,21.8968749999999,1,2,0
525,2,15,2740,1124,450.267395019531,241.632400512695,21.8968749999999,1,1,1
525,2,16,2904,1170,469.705413818359,268.092712402344,21.8968749999999,1,2,0
525,2,17,2662,1023,456.888946533203,171.226684570313,21.8968749999999,1,2,0
525,2,18,2967,1224,469.196105957031,295.649566650391,21.8968749999999,1,1,0
525,2,19,2821,1097,470.914428710938,224.632293701172,21.8968749999999,1,2,0
525,2,20,2561,1001,440.651611328125,153.147079467773,21.8968749999999,1,1,0
525,2,21,2690,1066,452.831451416016,203.587356567383,21.8968749999999,1,1,0
525,2,25,2752,1046,469.696075439453,188.980224609375,21.8968749999999,37,-1,-1
530,1,12,2544,1211,403.178497314453,289.077545166016,22.1054166666666,1,1,0
530,2,15,2750,1125,451.872741699219,242.240310668945,22.1054166666666,1,1,1
530,2,18,2966,1224,469.035614013672,295.648895263672,22.1054166666666,1,1,0
530,2,19,2821,1094,471.610382080078,222.666946411133,22.1054166666666,1,2,0
535,2,13,2464,1111,402.4033203125,233.598571777344,22.3139583333333,1,2,0
535,2,20,2565,1006,440.4169921875,157.376907348633,22.3139583333333,1,1,0
535,2,21,2652,1064,445.847015380859,202.18196105957,22.3139583333333,1,1,0
535,2,25,2727,1042,465.641510009766,185.979339599609,22.3139583333333,37,-1,0
540,2,14,2514,1084,415.686737060547,216.067291259766,22.5224999999999,1,2,0
540,2,16,2908,1173,469.760528564453,269.717010498047,22.5224999999999,1,2,0
540,2,17,2629,1021,450.51220703125,169.650344848633,22.5224999999999,1,2,0
550,1,12,2473,1197,393.276336669922,282.05224609375,22.9395833333333,1,1,0
550,2,13,2431,1101,397.701416015625,227.256805419922,22.9395833333333,1,2,0
550,2,14,2537,1092,418.724975585938,221.389770507813,22.9395833333333,1,2,0
550,2,15,2725,1134,445.657287597656,247.628799438477,22.9395833333333,1,1,0
550,2,16,2911,1164,472.176147460938,264.814392089844,22.9395833333333,1,2,0
550,2,17,2574,1020,439.321960449219,168.8935546875,22.9395833333333,1,2,0
550,2,18,2883,1226,455.366027832031,296.547485351563,22.9395833333333,1,1,0
550,2,19,2791,1088,467.334594726563,218.694213867188,22.9395833333333,1,2,0
550,2,20,2577,1013,441.435791015625,163.187484741211,22.9395833333333,1,1,0
550,2,21,2609,1060,438.246307373047,199.337310791016,22.9395833333333,1,1,0
550,2,25,2655,1097,439.892425537109,224.649795532227,22.9395833333333,37,-1,0
555,1,12,2451,1197,389.672576904297,282.040405273438,23.1481249999999,1,1,0
555,2,13,2414,1097,395.08251953125,224.675079345703,23.1481249999999,1,2,0
555,2,18,2864,1225,452.506164550781,296.058135986328,23.1481249999999,1,1,0
555,2,19,2786,1084,467.303253173828,216.008422851563,23.1481249999999,1,2,0
560,2,14,2562,1098,422.402557373047,225.30908203125,23.3566666666666,1,2,0
560,2,16,2889,1169,467.349151611328,267.543304443359,23.3566666666666,1,2,0
560,2,17,2520,1019,428.323272705078,168.134780883789,23.3566666666666,1,2,0
560,2,25,2620,1079,436.701904296875,212.652420043945,23.3566666666666,37,-1,-1
565,2,15,2681,1139,436.944366455078,250.562210083008,23.5652083333333,1,1,0
565,2,20,2560,997,441.314147949219,149.714508056641,23.5652083333333,1,1,0
565,2,21,2549,1054,427.589447021484,195.01432800293,23.5652083333333,1,1,0
575,1,12,2382,1167,381.339477539063,266.259887695313,23.97831,1,1,0
575,1,13,2364,1105,384.889282226563,229.816009521484,23.97831,1,2,0
575,2,14,2590,1113,425.064239501953,234.85041809082,23.97831,1,2,0
575,2,15,2644,1140,430.242340087891,251.138107299805,23.97831,1,1,0
575,2,16,2851,1175,459.668579101563,270.767944335938,23.97831,1,2,0
575,2,17,2436,1013,411.937835693359,163.325439453125,23.97831,1,2,0
575,2,18,2780,1231,438.120025634766,298.842132568359,23.97831,1,1,0
575,2,19,2718,1071,457.177520751953,207.095657348633,23.97831,1,2,0
575,2,20,2541,1007,435.128143310547,158.241577148438,23.97831,1,1,0
575,2,21,2519,1060,420.630859375,199.377090454102,23.97831,1,1,0
575,2,25,2575,1178,412.578308105469,272.248138427734,23.97831,37,-1,-1
580,1,12,2354,1160,377.276306152344,262.411437988281,24.1908333333333,1,1,0
580,2,15,2615,1143,424.650665283203,252.873229980469,24.1908333333333,1,1,1
580,2,16,2833,1175,456.61572265625,270.76025390625,24.1908333333333,1,2,0
580,2,19,2692,1073,451.722442626953,208.498046875,24.1908333333333,1,2,0
585,1,17,2348,1001,395.341583251953,153.389434814453,24.399375,1,2,0
585,1,18,2707,1230,426.698547363281,298.320770263672,24.399375,1,1,0
585,2,21,2484,1062,413.467346191406,200.825012207031,24.399375,1,1,0
585,2,25,2549,1127,415.442108154297,243.424423217773,24.399375,37,-1,-1
590,1,13,2356,1107,383.198150634766,231.083404541016,24.6079166666666,1,2,0
590,2,14,2619,1124,428.474914550781,241.619934082031,24.6079166666666,1,2,0
590,2,20,2487,1006,423.916778564453,157.460510253906,24.6079166666666,1,1,0
600,1,12,2274,1133,365.894775390625,246.961212158203,25.025,1,1,0
600,1,13,2349,1110,381.588134765625,232.971725463867,25.025,1,2,0
600,2,14,2613,1134,425.747802734375,247.609420776367,25.025,1,2,0
600,2,15,2509,1134,407.307830810547,247.591491699219,25.025,1,1,0
600,2,16,2734,1179,439.163146972656,272.849304199219,25.025,1,2,0
600,1,17,2220,995,368.897521972656,148.396789550781,25.025,1,2,0
600,1,18,2580,1224,407.340240478516,295.39111328125,25.025,1,1,1
600,2,19,2606,1060,437.658447265625,199.338638305664,25.025,1,2,0
600,2,20,2446,1007,415.080596923828,158.342025756836,25.025,1,1,0
600,2,21,2431,1057,403.893157958984,197.253829956055,25.025,1,1,0
600,1,25,2502,1168,401.577850341797,266.84912109375,25.025,37,-1,-1
605,1,12,2237,1130,359.610717773438,245.177261352539,25.2335416666666,1,1,0
605,1,13,2342,1121,379.139526367188,239.770416259766,25.2335416666666,1,2,0
605,1,17,2169,993,358.216857910156,146.726684570313,25.2335416666666,1,2,0
605,2,21,2407,1060,398.767303466797,199.426467895508,25.2335416666666,1,1,0
610,2,16,2641,1182,423.068542480469,274.391326904297,25.4420833333333,1,2,0
610,1,18,2481,1216,392.464935302734,291.479125976563,25.4420833333333,1,1,1
610,2,19,2555,1064,426.947937011719,202.22102355957,25.4420833333333,1,2,0
610,1,25,2449,1145,395.324829101563,253.986175537109,25.4420833333333,37,-1,-1
615,2,14,2619,1147,424.714263916016,255.175827026367,25.6506249999999,1,2,0
615,1,15,2409,1135,389.503265380859,248.163604736328,25.6506249999999,1,1,0
615,1,20,2377,1001,401.494384765625,153.356521606445,25.6506249999999,1,1,0
620,1,12,2153,1115,345.69677734375,236.079055786133,25.8591666666666,1,1,0
620,1,13,2346,1125,379.434051513672,242.195953369141,25.8591666666666,1,2,0
620,2,14,2610,1159,421.287628173828,261.942718505859,25.8591666666666,1,2,0
620,1,15,2360,1141,380.233245849609,251.657974243164,25.8591666666666,1,1,0
620,1,16,2518,1179,402.883392333984,272.752746582031,25.8591666666666,1,2,0
620,1,17,1999,989,322.150360107422,143.451187133789,25.8591666666666,1,2,0
620,1,18,2373,1210,375.713134765625,288.483215332031,25.8591666666666,1,1,0
620,2,19,2505,1061,417.726287841797,200.100708007813,25.8591666666666,1,2,0
620,1,20,2359,1003,397.370849609375,155.072708129883,25.8591666666666,1,1,0
620,1,21,2339,1052,386.519958496094,193.657897949219,25.8591666666666,1,1,0
620,1,25,2435,1160,391.125732421875,262.438720703125,25.8591666666666,37,-1,-1
630,1,12,2082,1106,333.357849121094,230.459533691406,26.2762499999999,1,1,0
630,1,13,2331,1136,375.654174804688,248.736999511719,26.2762499999999,1,2,0
630,2,14,2585,1164,416.257293701172,264.695892333984,26.2762499999999,1,2,0
630,1,15,2256,1144,361.821228027344,253.365264892578,26.2762499999999,1,1,0
635,1,16,2329,1181,371.105834960938,273.722320556641,26.4847916666666,1,2,0
635,3,17,1812,980,282.066589355469,135.715850830078,26.4847916666666,1,2,0
635,1,18,2187,1191,346.913299560547,278.844573974609,26.4847916666666,1,1,0
635,2,19,2410,1052,400.503997802734,193.620880126953,26.4847916666666,1,2,0
640,1,20,2262,1006,376.523529052734,157.700592041016,26.6933333333333,1,1,0
640,1,21,2234,1051,365.984344482422,192.97966003418,26.6933333333333,1,1,0
640,1,25,2505,1179,400.705505371094,272.746978759766,26.6933333333333,37,-1,-1
650,3,12,1900,1093,300.42431640625,222.135101318359,27.1104166666666,1,1,0
650,1,13,2334,1158,374.048919677734,261.296356201172,27.1104166666666,1,2,0
650,1,14,2537,1200,403.396301269531,283.60302734375,27.1104166666666,1,2,0
650,1,15,1988,1137,315.541564941406,249.257339477539,27.1104166666666,1,1,0
650,1,16,2133,1181,338.553741455078,273.633392333984,27.1104166666666,1,2,0
650,3,17,1636,961,242.620758056641,118.428276062012,27.1104166666666,1,2,0
650,1,18,1998,1184,316.146545410156,275.138244628906,27.1104166666666,1,1,0
650,1,19,2333,1061,384.235565185547,200.174743652344,27.1104166666666,1,2,0
650,1,20,2208,1000,365.813812255859,152.698303222656,27.1104166666666,1,1,0
650,1,21,2168,1061,352.248840332031,200.24543762207,27.1104166666666,1,1,0
655,3,12,1854,1090,291.946533203125,220.179428100586,27.3189583333333,1,1,0
655,1,13,2338,1164,374.166595458984,264.606719970703,27.3189583333333,1,2,0
655,1,14,2526,1208,400.631072998047,287.588653564453,27.3189583333333,1,2,1
655,1,15,1932,1139,305.766845703125,250.408737182617,27.3189583333333,1,1,0
660,1,16,1992,1186,315.115478515625,276.173156738281,27.5274999999999,1,2,0
660,3,17,1527,959,218.320556640625,116.711174011231,27.5274999999999,1,2,0
660,3,18,1860,1176,293.430480957031,270.879211425781,27.5274999999999,1,1,0
660,1,19,2274,1067,372.156188964844,204.449645996094,27.5274999999999,1,2,0
665,1,20,2085,997,340.033599853516,150.279495239258,27.7360416666666,1,1,0
665,1,21,2052,1055,330.119567871094,195.987609863281,27.7360416666666,1,1,0
665,1,25,2493,1208,395.288879394531,287.569122314453,27.7360416666666,37,-1,-1
675,3,12,1634,1089,251.405258178711,219.559127807617,28.153125,1,1,0
675,1,13,2361,1198,374.857055664063,282.497741699219,28.153125,1,2,0
675,1,14,2176,1076,352.638214111328,210.722457885742,28.153125,1,2,1
675,3,15,1671,1127,260.049774169922,243.316711425781,28.153125,1,1,0
675,3,16,1756,1201,276.809875488281,283.673248291016,28.153125,1,2,0
675,3,17,1380,955,185.197387695313,113.13272857666,28.153125,1,2,0
675,3,18,1677,1175,263.131164550781,270.27294921875,28.153125,1,1,0
675,1,19,2170,1073,351.724304199219,208.66242980957,28.153125,1,2,0
675,1,20,1992,995,320.43603515625,148.672729492188,28.153125,1,1,0
675,1,21,1975,1051,315.263214111328,193.116455078125,28.153125,1,1,0
675,1,25,2507,1161,403.327972412109,263.016204833984,28.153125,37,-1,-1
680,1,13,2364,1199,375.255432128906,283.003936767578,28.3616666666666,1,2,0
680,1,14,2482,1283,385.812469482422,321.676544189453,28.3616666666666,1,2,0
680,3,17,1332,958,175.159942626953,116.097549438477,28.3616666666666,1,2,0
680,1,19,2133,1085,343.918121337891,216.817733764648,28.3616666666666,1,2,0
685,1,14,2462,1304,380.960998535156,330.258178710938,28.5702083333333,1,2,1
685,3,16,1588,1215,250.629165649414,290.441558837891,28.5702083333333,1,2,0
685,3,21,1889,1052,298.495452880859,193.890960693359,28.5702083333333,1,1,0
685,1,25,2455,1199,390.109832763672,283.053802490234,28.5702083333333,37,-1,-1
690,3,12,1550,1092,236.22639465332,221.532775878906,28.77875,1,1,0
690,3,15,1521,1130,234.0615234375,245.075103759766,28.77875,1,1,0
690,3,18,1476,1173,229.840118408203,269.130004882813,28.77875,1,1,0
700,3,12,1503,1102,228.543212890625,227.957260131836,29.19099,1,1,0
700,1,13,2359,1238,371.069915771484,301.803283691406,29.19099,1,2,0
700,0,14,2405,1340,369.939147949219,344.100128173828,29.19099,1,2,0
700,3,15,1450,1128,221.53923034668,243.88313293457,29.19099,1,1,1
700,3,16,1355,1221,214.593536376953,293.167266845703,29.19099,1,2,0
700,4,17,1157,964,138.260238647461,122.06063079834,29.19099,1,2,0
700,3,18,1372,1175,212.913635253906,270.146484375,29.19099,1,1,0
700,1,19,1935,1086,306.961212158203,217.523361206055,29.19099,1,2,0
700,3,20,1718,999,262.818359375,152.409362792969,29.19099,1,1,0
700,3,21,1769,1051,275.167724609375,193.224594116211,29.19099,1,1,0
700,1,25,2455,1194,390.656341552734,280.516845703125,29.19099,37,-1,-1
705,0,14,2387,1350,366.718475341797,347.765228271484,29.39949,1,2,1
705,4,17,1138,967,134.903717041016,124.879623413086,29.39949,1,2,0
705,3,19,1876,1088,296.004943847656,218.85888671875,29.39949,1,2,0
705,3,21,1725,1051,266.631744384766,193.247619628906,29.39949,1,1,0
710,3,16,1187,1230,189.577224731445,297.28466796875,29.608,1,2,0
710,4,18,1250,1176,193.044616699219,270.622772216797,29.608,1,1,0
710,3,20,1620,998,242.2880859375,151.674423217773,29.608,1,1,0
710,1,25,2541,1280,394.911956787109,320.468231201172,29.608,37,-1,-1
715,3,12,1445,1108,218.712982177734,231.729583740234,29.81651,1,1,0
715,1,13,2343,1252,367.474029541016,308.148590087891,29.81651,1,2,0
715,4,15,1397,1109,210.264022827148,232.352478027344,29.81651,1,1,0
720,0,8,2653,1343,404.443603515625,345.474945068359,30.02502,1,0,1
720,3,12,1431,1108,216.215255737305,231.72981262207,30.02502,1,1,0
720,1,13,2337,1249,366.783203125,306.798278808594,30.02502,1,2,0
720,0,14,2349,1368,360.319244384766,354.173645019531,30.02502,1,2,0
720,4,15,1403,1095,209.769348144531,223.494293212891,30.02502,1,1,0
720,4,16,1051,1229,168.585845947266,296.728942871094,30.02502,1,2,0
720,4,17,1097,974,127.910606384277,131.344589233398,30.02502,1,2,0
720,4,18,1148,1173,175.964553833008,268.998199462891,30.02502,1,1,0
720,3,19,1711,1084,265.359710693359,216.238739013672,30.02502,1,2,0
720,3,20,1524,1000,222.504364013672,153.473037719727,30.02502,1,1,0
720,3,21,1602,1052,242.896865844727,194.038177490234,30.02502,1,1,0
720,1,25,2599,1246,407.602600097656,305.641235351563,30.02502,37,-1,-1
720,4,32,646,1276,116.144546508789,317.169067382813,30.02502,1,0,0
